0xff814de8,_GetSystemTime
0xffaef144,_log
0xffaef7ec,_log10
0xffaefcdc,_pow
0xffaf4028,_sqrt
0xffab3d60,AbortAEIntegralValue_FW
0xff822594,AcquireRecursiveLock
0xffab2acc,ActivateAdjLog_FW
0xff8ca460,ActivateImager_FW
0xff950924,ActivateImageSystem_FW
0xffab0e44,AddAdjDataToFRom_FW
0xff9737ec,AddItemToDialogBox_FW
0xffabf738,AddTransparentMemory_FW
0xffabbed4,AfAEWithAperturePriority_FW
0xffabc084,AfAEWithCompensation_FW
0xff82d8dc,AFAssistBeam_FW
0xff951208,AFDistanceChanged_FW
0xff9511ac,AFFrameMoved_FW
0xff81aa2c,AllocateMemory
0xff81aa2c,AllocateMemory_FW
0xff814bb0,AllocateUncacheableMemory
0xff9517ec,AllSettingReseted_FW
0xff8aef88,apex2us
0xffabf780,AttachToTransparentMemory_FW
0xff82c640,Bat_Calc_FW
0xffabd654,Bat_Save_FW
0xffabd640,Bat_VIN_FW
0xff82b1d8,BatVoltageToAd_FW
0xff82e32c,BeepDrive_FW
0xff82e340,BeepDriveComp_FW
0xff82e354,BeepTest_FW
0xffab74cc,CalcLog10_FW
0xff82c640,CalculateBatSenseOffset_FW
0xffab7474,CalculateLog2ToApex_FW
0xffaba598,CalculatePeakPositionByLeastSquare_FW
0xffab74a8,CalculatePow2FromApex_FW
0xff98fce8,cameracon_set_state
0xffabbe28,CancelAdj_AEMode_FW
0xffab5ee8,CancelAdjCdsMode_FW
0xffaac508,CancelFocusLensMaxSpeedLimit_FW
0xff815cac,CancelHPTimer
0xff8ca780,CancelImager_FW
0xff815050,CancelTimer
0xff8a2374,Capture.Create_FW
0xff8a2408,Capture.Delete_FW
0xff950e48,CaptureModeChange_FW
0xff8c812c,CdsDrv.Create_FW
0xff8c8164,CdsDrv.Delete_FW
0xff8c7ea0,CdsDrv.GetCdsGainForAdjustment_FW
0xff8c7f08,CdsDrv.GetCdsOBForAdjustment_FW
0xff8c7f64,CdsDrv.GetCdsRegisterImage_FW
0xff8c7f4c,CdsDrv.PowerMode_FW
0xff8c7f3c,CdsDrv.ReloadCdsTable_FW
0xff8c7e34,CdsDrv.SetCdsAdjustmentMode_FW
0xff8c7e54,CdsDrv.SetCdsGainApexForAdjustment_FW
0xff8c7e64,CdsDrv.SetCdsGainForAdjustment_FW
0xff8c7e44,CdsDrv.SetCdsNormalMode_FW
0xff8c7ed0,CdsDrv.SetCdsOBForAdjustment_FW
0xff8c7f7c,CdsDrv.SetCdsRegisterImage_FW
0xff8ca83c,ChangeImagerToAlternateDraft_FW
0xff8ca86c,ChangeImagerToFocusJet_FW
0xff8ca84c,ChangeImagerToJetDraft_FW
0xff8ca87c,ChangeImagerToJumboDraft_FW
0xff8ca82c,ChangeImagerToNarrowDraft_FW
0xff8ca88c,ChangeImagerToOITA_XAVIER_FW
0xff8ca85c,ChangeImagerToPetitNarrow_FW
0xff8ca8ac,ChangeImagerToQVGA15Fps_FW
0xff8ca89c,ChangeImagerToQVGA20Fps_FW
0xff8ca8dc,ChangeImagerToSmearCorrectAlternate_FW
0xff8ca8cc,ChangeImagerToSmearCorrectSuper_FW
0xff8ca8bc,ChangeImagerToSmearCorrectWide_FW
0xff8ca80c,ChangeImagerToSuperWideDraft_FW
0xff8ca7e0,ChangeImagerToWholeParallel_FW
0xff8ca7fc,ChangeImagerToWholeParallelHalf_FW
0xff8ca7b0,ChangeImagerToWholeSerial_FW
0xff8ca7c8,ChangeImagerToWholeSerialLineDef_FW
0xff8ca81c,ChangeImagerToWideDraft_FW
0xff950d08,ChangeZoomSpeed_FW
0xffabb694,ChargeStrobe_FW
0xff81f974,CheckAllEventFlag
0xff81f964,CheckAnyEventFlag
0xffaac714,CheckFocusLensAfAging_FW
0xff81a5f4,CheckSumAll_FW
0xff81fd74,ClearEventFlag
0xffaafba4,ClearFactoryMode_FW
0xffaac674,ClearFocusLensBacklashSpeedToMax_FW
0xffaa42bc,ClearMechaShutterCount_FW
0xffa9d08c,ClearPM3ByFs_FW
0xffa9d07c,ClearPM3ByGpio_FW
0xff870568,Close
0xffb02bc4,close
0xff870568,Close_FW
0xff81b908,CloseConsole_FW
0xffafeb64,closedir
0xffaa419c,CloseMechaShutterEvent_FW
0xffab69ac,CloseMShutter_FW
0xff9516b4,ColorModeChanged_FW
0xffac2760,CompletePrepareTestRec_FW
0xff974c30,ControlEventHandler_FW
0xffa47b0c,ControlViewEvent_FW
0xffab7598,ConvertApexStdToApex_FW
0xffab7564,ConvertApexToApexStd_FW
0xffab7bd4,ConvertCxCyToWBGain_FW
0xffab8768,ConvertToPositionWithDistanceAndZoomPoint_FW
0xffab6028,ConvertTvToExposureTime_FW
0xff81b63c,CPrintf_FW
0xff81b6a0,CPutChar_FW
0xffab0b54,CreateAdjustmentTableMirror_FW
0xff820b74,CreateBinarySemaphore
0xff822764,CreateBinarySemaphoreStrictly
0xff960d8c,CreateController_FW
0xff820c5c,CreateCountingSemaphore
0xff820c5c,CreateCountingSemaphore_FW
0xff822790,CreateCountingSemaphoreStrictly
0xff973368,CreateDialogBox_FW
0xff974a28,CreateDialogItem_FW
0xffa2cca8,CreateDpConnectController_FW
0xff81f678,CreateEventFlag
0xff822738,CreateEventFlagStrictly
0xffa22d44,CreateLanguageMenu_FW
0xff81fffc,CreateMessageQueue
0xff82270c,CreateMessageQueueStrictly
0xff81747c,CreateProxyOfEventProcedure_FW
0xff8223a0,CreateRecursiveLock
0xff8227bc,CreateRecursiveLockStrictly
0xffae8e90,CreateSubCPUEvent_FW
0xff821564,CreateTask
0xff821564,CreateTask_FW
0xff8226cc,CreateTaskStrictly
0xffa8e92c,CreateVcomUart_FW
0xffaaf100,CzDebugPrint_FW
0xffa455f0,DBG_changeTraceLevel_FW
0xff813a80,DebugAssert
0xff960e44,DeleteController_FW
0xff973578,DeleteDialogBox_FW
0xff973700,DeleteDialogBoxAfterGetTopOfControl_FW
0xff974b18,DeleteDialogItem_FW
0xffa2cf28,DeleteDpConnectController_FW
0xff81f784,DeleteEventFlag
0xff869328,DeleteFile_Fut
0xff9738c0,DeleteItemFromDialogBox_FW
0xffa22ecc,DeleteLanguageMenu_FW
0xff82014c,DeleteMessageQueue
0xff97834c,DeletePalette_FW
0xff817504,DeleteProxyOfEventProcedure_FW
0xff8224bc,DeleteRecursiveLock
0xff820d68,DeleteSemaphore
0xff820d68,DeleteSemaphore_FW
0xffa8ea5c,DeleteVcomUart_FW
0xff8c573c,DevelopTool.DevelopTest_FW
0xff967f24,DisableAutoShutdown_FW
0xffac4b10,DisableDebugLogMode_FW
0xff821388,DisableDispatch
0xff81dab8,DisableDispatch_low
0xffa92a34,DisableFocusPiCircuit_FW
0xffa9ea8c,DisableIrisActuatorEvent_FW
0xffaa2d7c,DisableIrisEvent_FW
0xffa92b3c,DisableLensBarrierCheck_FW
0xffa92a14,DisableMechaCircuit_FW
0xff9a1d90,DisableMovieController_FW
0xffa54748,DisableNotificationPTP_FW
0xff8cf9a4,DisableOBClampField_FW
0xff97ef8c,DisableRefreshPhysicalScreen_FW
0xffa92aa4,DisableZoomEncoderCircuit_FW
0xffa92a6c,DisableZoomPiCircuit_FW
0xff9286b0,DispCon_GetVideoAdjParameter_FW
0xff928758,DispCon_SaveVideoAdjParameter_FW
0xff92899c,DispCon_SetDisplayType_FW
0xff9289e0,DispCon_SetMaxBackLightBrightness_FW
0xff928614,DispCon_SetVideoAdjParameter_FW
0xff928934,DispCon_ShowBitmapColorBar
0xff928934,DispCon_ShowBitmapColorBar_FW
0xff928918,DispCon_ShowBlackChart_FW
0xff928768,DispCon_ShowColorBar_FW
0xff9287dc,DispCon_ShowFiveStep_FW
0xff928704,DispCon_ShowVideoAdjParameter_FW
0xff9288d4,DispCon_ShowWhiteChart_FW
0xff9289d0,DispCon_TurnOffDisplay_FW
0xff9289c0,DispCon_TurnOnDisplay_FW
0xff926a48,DispDev_EnableEventProc_FW
0xff973d9c,DisplayDialogBox_FW
0xffaaf844,DisplayFactoryMode_FW
0xff9516e4,DisplayTypeChanged_FW
0xff9513c4,DoAELock
0xff9513c4,DoAELock_FW
0xff95124c,DoAFLock
0xff95124c,DoAFLock_FW
0xff8b98f4,DoMovieFrameCapture
0xff9741b0,DrawBinaryBitmapToDialog_FW
0xff974b98,DrawDialogItem_FW
0xff974060,DrawStringToDialog_FW
0xff825b94,Driver_EnableEventProc_FW
0xff81a904,Dump32_FW
0xffab055c,DumpAdjArea_FW
0xffab0584,DumpAdjMirror_FW
0xffabf6e4,DumpTransparentMemoryItem_FW
0xff906678,EF.StartEFCharge_FW
0xff90672c,EF.StartInternalMainFlash_FW
0xff9066e8,EF.StartInternalPreFlash_FW
0xff9066d8,EF.StopEFCharge_FW
0xff950a98,EmergencyOfLens_FW
0xff967f3c,EnableAutoShutdown_FW
0xffac4af8,EnableDebugLogMode_FW
0xff821414,EnableDispatch
0xff81dae8,EnableDispatch_low
0xffaac5f8,EnableFocusLens_FW
0xffa92a24,EnableFocusPiCircuit_FW
0xff81ffbc,EnableInterrupt
0xffa9ea5c,EnableIrisActuatorEvent_FW
0xffaa2d4c,EnableIrisEvent_FW
0xffa92b2c,EnableLensBarrierCheck_FW
0xffa92a04,EnableMechaCircuit_FW
0xff9a1d7c,EnableMovieController_FW
0xffa5475c,EnableNotificationPTP_FW
0xff8cf98c,EnableOBClampField_FW
0xff97ef78,EnableRefreshPhysicalScreen_FW
0xffa92a94,EnableZoomEncoderCircuit_FW
0xffa92a5c,EnableZoomPiCircuit_FW
0xff8810b4,EngDrvBits
0xff881254,EngDrvBits_FW
0xff881098,EngDrvIn
0xff881234,EngDrvIn_FW
0xff881080,EngDrvOut
0xff881218,EngDrvOut_FW
0xff8810a0,EngDrvRead
0xff881244,EngDrvRead_FW
0xff881354,EngDrvReadDump_FW
0xff8a2244,EngineDriver.Create_FW
0xff8a226c,EngineDriver.Delete_FW
0xff951944,EnterToAELockEVF_FW
0xff951384,EnterToCompensationEVF_FW
0xff95106c,EnterToManualFocus_FW
0xff950ba0,EnterToPlayFromRec_FW
0xff950b8c,EnterToRecFromPlay_FW
0xff951cc4,EnterToRemoteCaptureMode_FW
0xffab053c,EraseAdjustmentArea_FW
0xffab0e34,EraseFRomShadingArea_FW
0xffae6e28,EraseLogSector_FW
0xff822d84,EraseSectorOfRom_FW
0xff81ab10,EraseSignature_FW
0xffaff330,errnoOfTaskGet
0xffaac51c,EscapeFocusLens_FW
0xff81ab98,exec_FW
0xff816ac8,ExecuteEventProcedure
0xff816ac8,ExecuteEventProcedure_FW
0xffadeb6c,ExecuteFirmUpgrade_FW
0xff82c904,ExecuteLoadTest_FW
0xff993fa4,ExecuteResetFactoryWithRomWrite_FW
0xff951f7c,ExecuteScript_FW
0xffac2aac,ExecuteTestRec_FW
0xffac2c20,ExecuteTestRecCF_FW
0xff951988,ExitFromAELockEVF_FW
0xff951394,ExitFromCompensationEVF_FW
0xff95108c,ExitFromManualFocus_FW
0xff951d1c,ExitFromRemoteCaptureMode_FW
0xff951b10,ExitShooting_FW
0xff821924,ExitTask
0xff821924,ExitTask_FW
0xff951f00,ExitTestRec_FW
0xff812648,exmem_alloc_low
0xff811f14,exmem_assert
0xff8127e0,exmem_ualloc
0xff81282c,exmem_ufree
0xff8f8998,ExpCtrlTool.AEComp_FW
0xff8f8a40,ExpCtrlTool.AEFix_FW
0xff8f88e8,ExpCtrlTool.AEFocus_FW
0xff8f8904,ExpCtrlTool.AEFocusProg_FW
0xff8f8ab0,ExpCtrlTool.AELock_FW
0xff8f8954,ExpCtrlTool.AEPreFix_FW
0xff8f89d0,ExpCtrlTool.AEStillOnMovie_FW
0xff8f8718,ExpCtrlTool.DisableUsageCheck_FW
0xff8f8708,ExpCtrlTool.EnableUsageCheck_FW
0xff8f8d10,ExpCtrlTool.Fix_FW
0xff8f8d28,ExpCtrlTool.GetAvLimit_FW
0xff8f8d4c,ExpCtrlTool.GetAvLimitWithoutTv_FW
0xff8f8d94,ExpCtrlTool.GetShiftLimit_FW
0xff8f8d70,ExpCtrlTool.GetTvLimit_FW
0xff8f8c5c,ExpCtrlTool.Keep_FW
0xff8f8c88,ExpCtrlTool.KeepProg_FW
0xff8f8bec,ExpCtrlTool.Lock_FW
0xff8f8b20,ExpCtrlTool.Manual_FW
0xff8f8870,ExpCtrlTool.OneShotAE_FW
0xff8f8840,ExpCtrlTool.PauseUniUni_FW
0xff8f87c8,ExpCtrlTool.Pre_FW
0xff8f8858,ExpCtrlTool.ResumeUniUni_FW
0xff8f8b68,ExpCtrlTool.Revive_FW
0xff8f8bc0,ExpCtrlTool.ReviveComp_FW
0xff8f8b94,ExpCtrlTool.ReviveRef_FW
0xff8f8ce8,ExpCtrlTool.Shift_FW
0xff8f87b0,ExpCtrlTool.Sleep_FW
0xff8f87e0,ExpCtrlTool.StartConti_FW
0xff8f8810,ExpCtrlTool.StartManualExp_FW
0xff8f87f8,ExpCtrlTool.StopConti_FW
0xff8f8828,ExpCtrlTool.StopManualExp_FW
0xff8fcc94,ExpDrvTool.ChgSpeed_FW
0xff816ce4,ExportToEventProcedure_FW
0xffab242c,FA.Create_FW
0xffab2460,FA.Delete_FW
0xffab25f0,FADBGPrintf_FW
0xffab2794,FAPrintf_FW
0xff869468,Fclose_Fut
0xff869468,Fclose_Fut_FW
0xff86967c,Feof_Fut
0xff8696b4,Fflush_Fut
0xff8695ec,Fgets_Fut
0xff86d6dc,filesem_init
0xff974000,FillRectangleToDialog_FW
0xffabbd3c,FixAEWithCompensation_FW
0xff951454,FixProgramShift_FW
0xff950b74,FlushWriteCache_FW
0xffa24b60,FmtMenu_ExecuteQuickFormat_FW
0xffabbc88,FocusAEWithCompensation_FW
0xff86942c,Fopen_Fut
0xff86942c,Fopen_Fut_FW
0xff86954c,Fread_Fut
0xff86954c,Fread_Fut_FW
0xffac510c,FreeBufferForSoundRec_FW
0xff81aa18,FreeMemory
0xff81aa18,FreeMemory_FW
0xff814be4,FreeUncacheableMemory
0xff869634,Fseek_Fut
0xff869634,Fseek_Fut_FW
0xff86959c,Fwrite_Fut
0xff86959c,Fwrite_Fut_FW
0xff8aff80,get_current_deltasv
0xff8fc828,get_current_exp
0xffa52518,get_ptp_buf_size
0xffa716c0,get_ptp_file_buf
0xff8240dc,get_resource_pointer
0xff829aa0,GetAdChValue
0xff829aa0,GetAdChValue_FW
0xffab0624,GetAdjTableMapVersion_FW
0xffab0634,GetAdjTableValueVersion_FW
0xffab05dc,GetAdjTableVersion_FW
0xff829ae0,GetAdVBattBottom_FW
0xffab41d4,GetAEIntegralServiceMode_FW
0xffab3794,GetAEIntegralValue_FW
0xffab3e18,GetAEIntegralValueWithFix_FW
0xffabb478,GetAFSensorDriveMode_FW
0xffab3988,GETALTERNATEEVALUATIONVALUEWITHMECHASHUTTER_FW
0xff974e08,GetAttributeFromDialogItem_FW
0xff82d36c,GetBatteryTemperature
0xff82d36c,GetBatteryTemperature_FW
0xff81a434,GetBuildDate_FW
0xff81a44c,GetBuildTime_FW
0xff82d358,GetCCDTemperature
0xff82d358,GetCCDTemperature_FW
0xffab5df0,GetCdsGainValue_FW
0xff81b6d4,GetCh_FW
0xffab3ad0,GETCRWEVALUATIONVALUEWITHMECHASHUTTER_FW
0xffab3b74,GETCRWEVALUATIONVALUEWITHOUTMECHASHUTTER_FW
0xffab6438,GetCurrentAvValue
0xffab6438,GetCurrentAvValue_FW
0xff9985ac,GetCurrentCaptureModeType_FW
0xff8b8844,GetCurrentDriveBaseSvValue
0xffa9d18c,GetCurrentEncoderPosition_FW
0xffab6064,GetCurrentExposureTime_FW
0xffab8838,GetCurrentFocusLensPosition_FW
0xffab6694,GetCurrentIrisPosition_FW
0xff81e2e8,GetCurrentMachineTime
0xffab607c,GetCurrentShutterSpeed
0xffab607c,GetCurrentShutterSpeed_FW
0xffab87e0,GetCurrentTargetDistance
0xffab87e0,GetCurrentTargetDistance_FW
0xffab7d54,GetCurrentZoomLensDirection_FW
0xffab830c,GetCurrentZoomLensPoint_FW
0xffab8320,GetCurrentZoomLensPosition_FW
0xffabda64,GetDay_FW
0xff974218,GetDialogBoxWindow_FW
0xff974f68,GetDialogItemPosition_FW
0xff9744b4,GetDialogItemPositionToDialog_FW
0xff974fe8,GetDialogItemResolution_FW
0xff9744e8,GetDialogItemResolutionToDialog_FW
0xff86f8a4,GetDrive_ClusterSize
0xff86f93c,GetDrive_FreeClusters
0xff86f900,GetDrive_TotalClusters
0xff81fdc4,GetEventFlagValue
0xffab3a2c,GETEVFEVALUATIONVALUEWITHMECHASHUTTER_FW
0xffab3c18,GETEVFEVALUATIONVALUEWITHOUTMECHASHUTTER_FW
0xff81a470,GetFirmwareVersion_FW
0xffab87b8,GetFocusDefaultResetPosition_FW
0xff973cc4,GetFocusedItemIDOfDialogItem_FW
0xffaac2f0,GetFocusLensCurrentPosition_FW
0xffaac4a8,GetFocusLensMoveCompleteTime_FW
0xffaac4b4,GetFocusLensNdCoefficientPulse_FW
0xffaac340,GetFocusLensResetDefaultPosition_FW
0xffaac304,GetFocusLensResetPosition_FW
0xffaac318,GetFocusLensResetPositionForInside_FW
0xffaac32c,GetFocusLensResetPositionForOutside_FW
0xffaac4c8,GetFocusLensSettingMaxSpeed_FW
0xffaac4dc,GetFocusLensSettingMaxSpeedByDeltaType_FW
0xffaac5b0,GetFocusLensSubjectDistance_FW
0xffaac5d4,GetFocusLensSubjectDistanceFromLens_FW
0xffa92a44,GetFocusPiSensorLevel_FW
0xffab87cc,GetFocusResetPosition_FW
0xff9742a8,GetFocusScopeToDialog_FW
0xffabda94,GetHour_FW
0xffaa2c28,GetIrisAvEvent_FW
0xffaa2c3c,GetIrisCurrentPositionEvent_FW
0xff973cfc,GetItemHandleOfDialogBox_FW
0xff82b19c,GetLBOffset_FW
0xffa95af0,GetLensErrorStatus_FW
0xff963e58,GetLogicalEventName
0xffae6d48,GetLogToFile_FW
0xff951228,GetMacroSupportZoomPoint_FW
0xffab3820,GETMAINFLASHEVALUATIONVALUE_FW
0xff968464,GetMainPowerLockCounter_FW
0xffaa426c,GetMechaShutterCount_FW
0xffaa4224,GetMechaShutterStatusEvent_FW
0xff9511e4,GetMFBarData_FW
0xffabdac4,GetMinute_FW
0xffabd638,GetModelId_FW
0xffabda2c,GetMonth_FW
0xffab3cbc,GETMOVIEEVALUATIONVALUEWITHMECHASHUTTER_FW
0xff820af4,GetNumberOfPostedMessages
0xffab5d6c,GetObClampValue_FW
0xff82d344,GetOpticalTemperature
0xff82d344,GetOpticalTemperature_FW
0xff97855c,GetPaletteFromPhysicalScreen_FW
0xff96dad0,GetParameterData
0xffabcf60,GetPixelsOfViewangle_FW
0xffab38d0,GETPREFLASHEVALUATIONVALUE_FW
0xff951418,GetProgramShiftLimitNegative_FW
0xff9513f4,GetProgramShiftLimitPositive_FW
0xff824554,GetPropertyCase
0xff974d20,GetPropertyFromDialogItem_FW
0xff973754,GetPropertyFromDialogItemWithID_FW
0xffabdaf4,GetSecond_FW
0xff9610b4,GetSelfControllerHandle_FW
0xff821230,GetSemaphoreValue
0xffab61bc,GetShutterSpeedRegularMaxLimit_FW
0xffab61e0,GetShutterSpeedRegularMinLimit_FW
0xff81ff90,GetSRAndDisableInterrupt
0xff9a2cd4,GetStateOfMovieSequence_FW
0xff81b738,GetStringWithPrompt_FW
0xffabc624,GetSumYOfVRAMCenterLine_FW
0xff826df4,GetSwitchStatus_FW
0xff81ab40,GetSystemTime_FW
0xff814888,GetTimeOfSystem_FW
0xffabf80c,GetTransparentMemory_FW
0xffabf864,GetTransparentMemoryPosition_FW
0xffabf7ec,GetTransparentMemorySize_FW
0xffab6664,GetUsableMaxAv
0xffab6664,GetUsableMaxAv_FW
0xffab6640,GetUsableMinAv
0xffab6640,GetUsableMinAv_FW
0xffab61ac,GetUserSetShutterSPeed_FW
0xffabc330,GetVideoOutType_FW
0xffabd9f4,GetYear_FW
0xffa9cfc4,GetZoomActuatorCurrentPosition_FW
0xffa9cf88,GetZoomActuatorLimitAmpere_FW
0xffa9cf60,GetZoomActuatorSpeedControlGain_FW
0xffa9cf38,GetZoomActuatorSpeedPPS_FW
0xffab84c8,GetZoomLensCurrent_FW
0xffa973d4,GetZoomLensCurrentPoint
0xffa973d4,GetZoomLensCurrentPoint_FW
0xffa973e8,GetZoomLensCurrentPosition
0xffa973e8,GetZoomLensCurrentPosition_FW
0xffab7d74,GetZoomLensResetPlus_FW
0xffab84dc,GetZoomLensSpeed_FW
0xffa973fc,GetZoomLensTelePoint_FW
0xffa92a7c,GetZoomPiSensorLevel_FW
0xff82115c,GiveSemaphore
0xff82115c,GiveSemaphore_FW
0xffa75698,handle_PTP_OC_0x902c
0xffa75860,handle_PTP_OC_0x902e
0xffa6552c,handle_PTP_OC_CANON_ChangeUSBProtocol
0xffa7b4d8,handle_PTP_OC_CANON_GetChanges
0xffa77e9c,handle_PTP_OC_CANON_GetCustomizeData
0xffa77d9c,handle_PTP_OC_CANON_GetCustomizeItemInfo
0xffa77ccc,handle_PTP_OC_CANON_GetCustomizeSpec
0xffa75784,handle_PTP_OC_CANON_GetDirectory
0xffa747a4,handle_PTP_OC_CANON_GetObjectAttributes
0xffa752d8,handle_PTP_OC_CANON_GetObjectHandleByName
0xffa740d4,handle_PTP_OC_CANON_GetObjectInfoEx
0xffa744f8,handle_PTP_OC_CANON_GetPartialObjectEx
0xffa73e54,handle_PTP_OC_CANON_GetPartialObjectInfo
0xffa75784,handle_PTP_OC_CANON_GetTreeInfo
0xffa78e2c,handle_PTP_OC_CANON_GetTreeSize
0xffa7a69c,handle_PTP_OC_CANON_InitiateCaptureInMemory
0xffa7a5cc,handle_PTP_OC_CANON_InitiateReleaseControl
0xffa79530,handle_PTP_OC_CANON_NotifyCancelAccepted
0xffa79478,handle_PTP_OC_CANON_NotifyProgress
0xffa74d1c,handle_PTP_OC_CANON_SendObjectByPath
0xffa74940,handle_PTP_OC_CANON_SendObjectInfoByPath
0xffa75008,handle_PTP_OC_CANON_SendPartialObject
0xffa77fcc,handle_PTP_OC_CANON_SetCustomizeData
0xffa795f8,handle_PTP_OC_CANON_SetDisplayMonitor
0xffa7485c,handle_PTP_OC_CANON_SetObjectArchive
0xffa7544c,handle_PTP_OC_CANON_SetObjectTime
0xffa78da8,handle_PTP_OC_CANON_TerminateDirectTransfer
0xffa7a76c,handle_PTP_OC_CANON_TerminateReleaseControl
0xffa7a7ec,handle_PTP_OC_CANON_ViewfinderOn
0xffa6529c,handle_PTP_OC_CloseSession
0xffa754e8,handle_PTP_OC_DeleteObject
0xffa755f8,handle_PTP_OC_FormatStore
0xffa64d74,handle_PTP_OC_GetDeviceInfo
0xffa61ee4,handle_PTP_OC_GetDevicePropDesc
0xffa624dc,handle_PTP_OC_GetDevicePropValue
0xffa72efc,handle_PTP_OC_GetNumObjects
0xffa73804,handle_PTP_OC_GetObject
0xffa72fdc,handle_PTP_OC_GetObjectHandles
0xffa73d2c,handle_PTP_OC_GetObjectInfo
0xffa73b34,handle_PTP_OC_GetPartialObject
0xffa72b6c,handle_PTP_OC_GetStorageIDs
0xffa72c6c,handle_PTP_OC_GetStorageInfo
0xffa73a78,handle_PTP_OC_GetThumb
0xffa7a43c,handle_PTP_OC_InitiateCapture
0xffa6516c,handle_PTP_OC_OpenSession
0xffa627d4,handle_PTP_OC_ResetDevicePropValue
0xffa74d1c,handle_PTP_OC_SendObject
0xffa74940,handle_PTP_OC_SendObjectInfo
0xffa62630,handle_PTP_OC_SetDevicePropValue
0xffa73c64,handle_PTP_OC_SetObjectProtection
0xff95fd24,HardwareDefect_FW
0xff81ecf8,HwOcReadICAPCounter
0xff8c9f4c,ImagerActivate
0xff8b0280,ImgGainTool.FlushGain_FW
0xff8b02ec,ImgGainTool.GetDeltaGainLimit_FW
0xff8b038c,ImgGainTool.GetGain_FW
0xff8b0348,ImgGainTool.GetUserGainLimit_FW
0xff8b03d0,ImgGainTool.IsValidDeltaSv_FW
0xff8b0228,ImgGainTool.SetDeltaGain_FW
0xff8b0248,ImgGainTool.SetUserGain_FW
0xffab2aec,InactivateAdjLog_FW
0xffab2cb4,InitializeAdjustmentFunction_FW
0xffab2c24,InitializeAdjustmentSystem_FW
0xffa8bef0,InitializeDCPClassFunctions_FW
0xffac557c,InitializeSoundRec_FW
0xffac2888,InitializeTestRec_FW
0xff8a2348,InPort_FW
0xff97494c,InstallDialogItem_FW
0xffa1a5bc,InstallMyCameraMenu_FW
0xffa16de4,InstallPlayMenu_FW
0xffa14b18,InstallRecMenu_FW
0xffa183ac,InstallSetupMenu_FW
0xffb03de4,iosDevAdd
0xffb03dbc,iosDevDelete
0xffb040a8,iosDrvInstall
0xffab5f04,IsAdjCdsMode_FW
0xffaf8ad8,isalpha
0xff951bec,IsAvailStillOnMovie_FW
0xffa1b520,IsCalledStopEVF_FW
0xffa92b4c,IsCloseLensBarrier_FW
0xff96606c,IsControlEventActive
0xff96606c,IsControlEventActive_FW
0xffaf8b08,isdigit
0xff967e38,IsDisableAutoShutdown_FW
0xff950b54,IsEmptyWriteCache_FW
0xff97efa0,IsEnableRefreshPhysicalScreen_FW
0xffabc370,IsEVFDrive_FW
0xffabc5e8,IsEvfDriveMode_FW
0xffaafc94,IsFactoryMode_FW
0xff950bb4,IsLensExtend_FW
0xffa95ae4,IsLensOutside_FW
0xffab2b28,IsLogOutType_FW
0xffaf8b38,islower
0xff9516c4,ISOSpeedChanged_FW
0xffaf8b68,ispunct
0xffaf8b80,isspace
0xff904154,IsStrobeChargeCompleted
0xff951660,IsStrobeChargeCompleted_FW
0xffaf8b98,isupper
0xffaf8bb0,isxdigit
0xffa9d010,IsZoomActuatorResetSensorPlusSide_FW
0xff828a48,JogInterValSet_FW
0xff828bac,JogP_FW
0xff826558,kbd_p1_f
0xff826564,kbd_p1_f_cont
0xff826934,kbd_p2_f
0xff828fec,kbd_pwr_off,(stubs_entry_2.s)
0xff826624,kbd_read_keys
0xff974668,KeepDefaultMoveFocusEventToDialog_FW
0xff925f7c,KizuMarkCheck_FW
0xff9517cc,LcdBrightnessMenuIn_FW
0xff9517dc,LcdBrightnessMenuOut_FW
0xff92b960,LcdCon_GetLcdAdjParameter_FW
0xff92bce8,LcdCon_GetLcdBackLightParameter_FW
0xff92ba08,LcdCon_SaveLcdAdjParameter_FW
0xff92bd90,LcdCon_SaveLcdBackLightParameter_FW
0xff92b87c,LcdCon_SetLcdAdjParameter_FW
0xff92bbb0,LcdCon_SetLcdBackLightBrightness_FW
0xff92bc44,LcdCon_SetLcdBackLightParameter_FW
0xff92b760,LcdCon_SetLcdDriver_FW
0xff92b9b8,LcdCon_ShowLcdAdjParameter_FW
0xff92bd40,LcdCon_ShowLcdBackLightParameter_FW
0xff82dbb8,LEDDrive,(stubs_entry_2.s)
0xff82d8c4,LEDDrive_FW
0xff9516d4,LightMeteringModeChanged_FW
0xff8aca7c,LiveImageTool.DzoomTele_FW
0xff8aca98,LiveImageTool.DzoomWide_FW
0xff8acac4,LiveImageTool.Pause_FW
0xff8acad4,LiveImageTool.Resume_FW
0xff8ac564,LiveImageTool.StartEVF_FW
0xff8ac5e8,LiveImageTool.StartEVFFocusJet_FW
0xff8ac8d4,LiveImageTool.StartEVFMovQQVGA_FW
0xff8ac73c,LiveImageTool.StartEVFMovQVGA60_FW
0xff8ac808,LiveImageTool.StartEVFMovQVGA_FW
0xff8ac670,LiveImageTool.StartEVFMovVGA_FW
0xff8ac9a0,LiveImageTool.StartEVFMovXGA_FW
0xff8acab4,LiveImageTool.StopDzoom_FW
0xff8aca6c,LiveImageTool.StopEVF_FW
0xffab06ac,LoadAdjustmentTable_FW
0xffab0710,LoadAdjustmentValue_FW
0xffab2290,LoadDataFromAdjTableBin_FW
0xffab2164,LoadParamDataFromAdjTableBin_FW
0xffadfe3c,LoadScript_FW
0xff82c950,LoadTest_Result_Print_Off_FW
0xff82c93c,LoadTest_Result_Print_On_FW
0xff814108,LocalTime
0xff9682a0,LockMainPower
0xff9682a0,LockMainPower_FW
0xff97ee18,LockPhysicalScreen_FW
0xff974564,LockRefreshDialog_FW
0xff817f30,LogCameraEvent
0xff9641d4,LogiEvnt_LoadCameraLog_FW
0xff82b1c4,LowBat_Result_Print_Off_FW
0xff82b1ac,LowBat_Result_Print_On_FW
0xff870650,Lseek
0xffb02d08,lseek
0xff870650,Lseek_FW
0xff955dd8,MakeAFScan
0xffade108,MakeBootDisk_FW
0xff925da8,MakeDefData_FW
0xff8693b4,MakeDirectory_Fut
0xffade11c,MakeScriptDisk_FW
0xffb05c04,malloc_alt
0xffa8f5a4,MechaRegisterEventProcedure_FW
0xffa8f640,MechaReset_FW
0xffa8f678,MechaTerminate_FW
0xffa8f5e4,MechaUnRegisterEventProcedure_FW
0xffafc704,memchr
0xffafc738,memcmp
0xffafc738,memcmp_FW
0xffafc774,memcpy
0xffafc774,memcpy_FW
0xffae80d0,MemoryChecker_FW
0xffb06024,memPartInfoGet
0xffafc7ec,memset
0xffafc7ec,memset_FW
0xffb06014,memShow_FW
0xff951748,MenuIn
0xff951748,MenuIn_FW
0xff95177c,MenuOut
0xff95177c,MenuOut_FW
0xffae8b98,MessageToSubCPU_FW
0xff951f4c,MFOff
0xff951f4c,MFOff_FW
0xff951f1c,MFOn
0xff951f1c,MFOn_FW
0xff870750,mkdir
0xffafd520,mktime
0xff98de30,ModeLevelMovieRecForScript_FW
0xff98de3c,ModeLevelPlayForScript_FW
0xff98de24,ModeLevelStillRecForScript_FW
0xff81ab60,MonSelEvent_FW
0xff960f7c,MoveControllerToTopOfZOrder_FW
0xffaaf054,MoveCZToPointByOVFEvent_FW
0xffaaefb0,MoveCZToPointEvent_FW
0xffaaf020,MoveCZToTeleEvent_FW
0xffaaefec,MoveCZToWideEvent_FW
0xffa9d0f8,MoveDCMotorCCW_FW
0xffa9d09c,MoveDCMotorCW_FW
0xff973660,MoveDialogBoxPosition_FW
0xff9743a4,MoveDialogControllerToTopOfZOrder_FW
0xff974e74,MoveDialogItemPosition_FW
0xff97444c,MoveDialogItemPositionToDialog_FW
0xff950dbc,MoveDigitalZoomAt_FW
0xff950d8c,MoveDigitalZoomToTele_FW
0xff950d9c,MoveDigitalZoomToWide_FW
0xffaac234,MoveFocusActuator_FW
0xffab8a70,MoveFocusLensToDistance_FW
0xffab8954,MoveFocusLensToPosition_FW
0xffab88dc,MoveFocusLensToPositionWithMaxSpeed_FW
0xffaac020,MoveFocusLensToTerminate_FW
0xffab884c,MoveFocusLensToTerminatePosition_FW
0xffaabef4,MoveFocusLensWithDistance_FW
0xffaac094,MoveFocusLensWithPosition_FW
0xffaac164,MoveFocusLensWithPositionWithoutBacklash_FW
0xff9510ac,MoveFocusToFar_FW
0xff9510bc,MoveFocusToFarRelative_FW
0xff9510b4,MoveFocusToNear_FW
0xff9510ec,MoveFocusToNearRelative_FW
0xffa9ea20,MoveIrisActuatorFullCloseEvent_FW
0xffa9e9e4,MoveIrisActuatorFullOpenEvent_FW
0xffab6494,MoveIrisFullOpen_FW
0xffab6524,MoveIrisMechaPositionWithBacklash_FW
0xffab657c,MoveIrisMechaPositionWithoutBacklash_FW
0xffab6368,MoveIrisToAv_FW
0xffab65d4,MoveIrisToAvWithoutBacklash_FW
0xffaa2bec,MoveIrisToFullCloseEvent_FW
0xffaa2bb0,MoveIrisToFullOpenEvent_FW
0xffaa2b34,MoveIrisToPositionWithBacklashEvent_FW
0xffaa2c90,MoveIrisToPositionWithoutBacklashEvent_FW
0xffaa2b74,MoveIrisToTerminatePositionEvent_FW
0xffaa2ae8,MoveIrisWithAvAndSpeedEvent_FW
0xffaa2ce0,MoveIrisWithAvAndSpeedWithoutBacklashEvent_FW
0xffaa2aa8,MoveIrisWithAvEvent_FW
0xffaa2c50,MoveIrisWithAvWithoutBacklashEvent_FW
0xffab64dc,MoveIrisWithTerminatePosition_FW
0xffa959d8,MoveLensToFirstPointEvent_FW
0xffa95a84,MoveLensToTerminatePointEvent_FW
0xff950c84,MoveOpticalZoomAt_FW
0xff950c34,MoveOpticalZoomToTele_FW
0xff950c54,MoveOpticalZoomToWide_FW
0xff9742f4,MoveViewPortPosition_FW
0xffa9ced8,MoveZoomActuator_FW
0xffab7d9c,MoveZoomLensToMechaEnd_FW
0xffab8334,MoveZoomLensToPoint_FW
0xffab838c,MoveZoomLensToPosition_FW
0xffab7e7c,MoveZoomLensToPositionByManual_FW
0xffa97384,MoveZoomLensToResetStartPosition_FW
0xffa97334,MoveZoomLensToTerminatePosition_FW
0xffa97264,MoveZoomLensWithPoint
0xffa97264,MoveZoomLensWithPoint_FW
0xffa972e0,MoveZoomLensWithPosition_FW
0xff94ad88,Movie.HiCompressionRateMode_FW
0xff94ad74,Movie.NormalCompressionRateMode_FW
0xff951b5c,MovieParamChanged_FW
0xff9517ac,MyCameraIn_FW
0xff9517bc,MyCameraOut_FW
0xff951704,MyColorMenuIn_FW
0xff951714,MyColorMenuOut_FW
0xff9516f4,MyColorModeChange_FW
0xffa54824,NotifyConnectPictBridge_FW
0xff951740,NotifyConvLensSettingChanged_FW
0xffa54844,NotifyDisconnectPictBridge_FW
0xff951738,NotifyISModeChanged_FW
0xff95097c,NotifyStartupImageCreated_FW
0xff95a748,NR_GetDarkSubType
0xff95a748,NR_GetDarkSubType_FW
0xff95a78c,NR_GetDefectCorrectType_FW
0xff95a6b8,NR_SetDarkSubType
0xff95a6b8,NR_SetDarkSubType_FW
0xff95a714,NR_SetDefectCorrectType_FW
0xff91b7c0,OBCtrl.IsStarted_FW
0xff91b740,OBCtrl.Start_FW
0xff91b780,OBCtrl.Stop_FW
0xff827fd0,OffPrintHVSw_FW
0xff828a74,OffPrintJog_FW
0xff826de0,OffPrintPhySw_FW
0xffab7798,OneShotWhigeBalance_FW
0xff827fb8,OnPrintHVSw_FW
0xff828a5c,OnPrintJog_FW
0xff826dc8,OnPrintPhySw_FW
0xff870540,Open
0xffb03208,open
0xff870540,Open_FW
0xff81b7bc,OpenConsole_FW
0xffafeb98,opendir
0xffaa41cc,OpenMechaShutterEvent_FW
0xffab69f4,OpenMShutter_FW
0xff8a2334,OutPort_FW
0xffab28b8,OutputLogToFile_FW
0xff990a48,PB2Rec
0xff81aad8,Peek16_FW
0xff81aabc,Peek32_FW
0xff81aaf4,Peek8_FW
0xffa95ad4,PermitLensControllerNextStage_FW
0xff81aa74,Poke16_FW
0xff81aa50,Poke32_FW
0xff81aa98,Poke8_FW
0xff964014,PostEventShootSeqToUI_FW
0xff82d8fc,PostLEDMessage_FW
0xff963ef0,PostLogicalEventForNotPowerType
0xff963ef0,PostLogicalEventForNotPowerType_FW
0xff963f7c,PostLogicalEventToUI
0xff963f7c,PostLogicalEventToUI_FW
0xff8207a0,PostMessageQueue
0xffabbe58,PreFixAE_FW
0xff951870,PrepareCapture_FW
0xff950e00,PrepareCaptureModeChange_FW
0xff951c20,PrepareLensForStandby_FW
0xff951760,PrepareMenuOut_FW
0xff95183c,PrepareStrobeCharge_FW
0xff951ef4,PrepareTestRec_FW
0xff89cdec,PrePro.Capture_FW
0xff89cd44,PrePro.GetDarkSetUp_FW
0xff89cd84,PrePro.GetDarkSubSetUp_FW
0xff89ce3c,PrePro.HybridCrw_FW
0xff89cdc4,PrePro.LiveImage_FW
0xff89ce14,PrePro.MemoryCrw_FW
0xff89cd54,PrePro.SetDarkSetUp_FW
0xff89cd94,PrePro.SetDarkSubSetUp_FW
0xff89f730,PrePro.Unpack_FW
0xffab084c,PrintAdjTableMap_FW
0xff812c84,printclock_FW
0xffadfe60,Printf_FW
0xffab2524,PrintFaexeVersioin_FW
0xffab24d4,PrintFirmVersion_FW
0xffab9080,PrintMultiWinScanTable_FW
0xffab8f00,PrintScanTable_FW
0xff95f46c,PT_atoi_FW
0xff95f800,PT_BatLvChange_Low_FW
0xff95f7f0,PT_BatLvChange_PreWeak_FW
0xff95f808,PT_BatLvChange_SysLow_FW
0xff95f7f8,PT_BatLvChange_Weak_FW
0xff95f418,PT_CompleteCaptModeChange_FW
0xff95f428,PT_CompleteCharge_FW
0xff95f3d8,PT_CompletePreCapt_FW
0xff95f408,PT_CompletePrepareLens_FW
0xff95f3f8,PT_CompleteStopDigZoom_FW
0xff95f3f0,PT_CompleteStopZoom_FW
0xff95f400,PT_CompleteStoreLens_FW
0xff95f420,PT_CompleteSynchroWrite_FW
0xff95f430,PT_EraseAllFile_FW
0xff95f880,PT_FinishBatteryTest_FW
0xff95f978,PT_GetBatteryLevel_FW
0xff95f654,PT_GetLocalDateAndTimeString_FW
0xff95f5f0,PT_GetLocalDateString_FW
0xff95f594,PT_GetLocalTimeString_FW
0xff95fa40,PT_GetLowBatLv_FW
0xff95f990,PT_GetPreWeakBatLv_FW
0xff95f4e8,PT_GetPropertyCaseInt_FW
0xff95f4d4,PT_GetPropertyCaseString_FW
0xff95fa98,PT_GetSysLowBatLv_FW
0xff95f478,PT_GetSystemTime
0xff95f478,PT_GetSystemTime_FW
0xff95f9e8,PT_GetWeakBatLv_FW
0xff95f700,PT_LCD_BkColor_FW
0xff95f7bc,PT_LCD_BkColorDef_FW
0xff95f460,PT_mod_FW
0xff95f410,PT_MovieRecordStopped_FW
0xff95f3e8,PT_NextShootAvailable_FW
0xff95f6e8,PT_PlaySound
0xff95f6e8,PT_PlaySound_FW
0xff95f3e0,PT_RecreviewAvailable_FW
0xff95f6a4,PT_SetMessage_FW
0xff95f4ac,PT_SetPropertyCaseInt_FW
0xff95f498,PT_SetPropertyCaseString_FW
0xff95f820,PT_StartBatteryTest_FW
0xff95f6cc,PT_UndispMessage_FW
0xff96af74,PTM_AllResetProperty_FW
0xff96af60,PTM_AllResetToFactorySetting_FW
0xff96bfa0,PTM_BackupUIProperty_FW
0xff96b394,PTM_GetCurrentItem
0xff96bf48,PTM_GetCurrentItem_FW
0xff96b230,PTM_GetWorkingCaptureMode_FW
0xff96b47c,PTM_NextItem
0xff96bf60,PTM_NextItem_FW
0xff96b498,PTM_PrevItem
0xff96bf78,PTM_PrevItem_FW
0xff96b5c8,PTM_RestoreUIProperty_FW
0xff96bf90,PTM_SaveCustomSetting_FW
0xff96bf18,PTM_SetCurrentCaptureMode_FW
0xff96b348,PTM_SetCurrentItem
0xff96bf28,PTM_SetCurrentItem_FW
0xffa7b808,PTPRspnd.AddChangedReleaseParamList_FW
0xffa759bc,PTPRspnd.EnableGetTreeInfo_FW
0xffa759fc,PTPRspnd.EnableStorage_FW
0xffa759b0,PTPRspnd.ResetTable_FW
0xffa75d08,PTPRspnd.ShowRemoteStg_FW
0xffa6c3d4,PTPRspnd.ShutDownPTPFrameworkClient_FW
0xffa6c328,PTPRspnd.StartUpPTPFrameworkClient_FW
0xffab6858,PutInNdFilter,(stubs_entry_2.s)
0xffab6858,PutInNdFilter_FW
0xffab68a0,PutOutNdFilter_FW
0xff817f98,PutsCameraLogEvent_FW
0xffafbf98,qsort
0xff8ca510,QuietImager_FW
0xffafbfbc,rand
0xff8705fc,Read
0xff8705fc,Read_FW
0xffafeb30,readdir
0xffae6010,realloc
0xff990a9c,Rec2PB
0xffa92af0,ReceiveMechaCircuitDataAll_FW
0xff820388,ReceiveMessageQueue
0xff951bc8,RecordMovie_FW
0xff951b3c,RecreviewHold_FW
0xff951b4c,RecreviewRelease_FW
0xff9513a4,RectifyExposureWithMeasure_FW
0xff97eea8,RefreshPhysicalScreen
0xff97eea8,RefreshPhysicalScreen_FW
0xff973e40,RefreshRectangleToDialog_FW
0xff973f8c,RefreshRegistedRectangleToDialog_FW
0xffa547a0,RefreshUSBMode_FW
0xffa8f474,RegComEventProc_FW
0xffabb87c,RegistColorMatrix_FW
0xff9743c8,RegisterChangeLanguageToDialog_FW
0xff9778b0,RegisterDialogAPIForEventProcedure_FW
0xff816944,RegisterEventProcedure_FW
0xff81ff54,RegisterInterruptHandler
0xffa22828,RegisterLanguageName_FW
0xff973ec8,RegisterRefreshToDialog_FW
0xff82263c,ReleaseRecursiveLock
0xffab5d54,ReloadCdsAdjustment_FW
0xffabb78c,ReloadColorAdjustment_FW
0xffabb688,ReloadEfAdjustment_FW
0xffab87ac,ReloadFocusLensAdjustment_FW
0xffab63f8,ReloadIrisAdjustment_FW
0xffaa2cd0,ReloadIrisAdjustmentDataEvent_FW
0xffab6830,ReloadNdFilterAdjustment_FW
0xffab7910,ReloadWBAdjustment_FW
0xffab84bc,ReloadZoomAdjustment_FW
0xffabf7c8,RemoveTransparentMemory_FW
0xff8692a8,RenameFile_Fut
0xffab8b80,ResetFocus_FW
0xffaabfc0,ResetFocusLens
0xffaabfc0,ResetFocusLens_FW
0xffa9eabc,ResetIrisActuatorEvent_FW
0xffaa2a6c,ResetIrisEvent_FW
0xffab644c,ResetIrisPosition_FW
0xffab8474,ResetZoom_FW
0xffa9714c,ResetZoomLens
0xffa9714c,ResetZoomLens_FW
0xffa9717c,ResetZoomLensToFirstPoint_FW
0xffa971f0,ResetZoomLensToTermiantePoint_FW
0xffab8244,ResetZoomToAdjFirstPoint_FW
0xffab815c,ResetZoomToAdjTerminatePoint_FW
0xffab842c,ResetZoomToFirstPoint_FW
0xffab83e4,ResetZoomToTerminatePoint_FW
0xff974358,ResizeDialogBox_FW
0xff974ee8,ResizeDialogItem_FW
0xff974480,ResizeDialogItemToDialog_FW
0xff973634,ResizeVirtualWindow_FW
0xff822bac,Restart
0xff95158c,ResumePcEvf_FW
0xff81a558,RomCheckSum_FW
0xff81b594,RotateConsoleZOder_FW
0xffab06c4,SaveAdjustmentTable_FW
0xffab06e0,SaveAdjustmentValue_FW
0xffabd654,SaveBatSenseOffsetAdjustmentTable_FW
0xffa22824,SaveLanguageNameList_FW
0xffaa4230,SaveMechaShutterCount_FW
0xffadfe78,ScriptDisEnabled_FW
0xffadfe8c,ScriptEnabled_FW
0xffa92ab4,SendMechaCircuitData_FW
0xff965d3c,set_control_event
0xffabbdd8,SetAdj_AEMode_FW
0xffab5ecc,SetAdjCdsMode_FW
0xffabbd24,SetAE_CdsGainValue_FW
0xffabbb24,SetAE_ShutterSpeed
0xffabbb24,SetAE_ShutterSpeed_FW
0xffab4668,SetAEIntegAverageOBData_FW
0xffab3dc0,SetAEIntegralValueProperty_FW
0xffab41b4,SetAEIntegValueBit_FW
0xffab4188,SetAEIntegWindowsMode_FW
0xffabb3d4,SetAFSensorDriveMode_FW
0xff974d94,SetAttributeToDialogItem_FW
0xff968198,SetAutoShutdownTime
0xff968198,SetAutoShutdownTime_FW
0xff973dec,SetBackgroundColorToDialogBox_FW
0xff82ad60,SetBattCheckMode_FW
0xffab5e28,SetCDSGain_FW
0xffab5e70,SetCDSGainStep_FW
0xffab5e28,SetCdsGainValue_FW
0xff99855c,SetCurrentCaptureModeType
0xff99855c,SetCurrentCaptureModeType_FW
0xff97a784,SetCurrentPalette_FW
0xffabd67c,SetDate
0xffabd67c,SetDate_FW
0xffabd83c,SetDay_FW
0xffa9d030,SetDCMotorChargePump_FW
0xffa9d044,SetDCMotorPwmFixedTimeLevel_FW
0xffa9d058,SetDCMotorPwmLevel_FW
0xffa9d01c,SetDCMotorSpeedLevel_FW
0xffa9d174,SetDCMotorWaitTime_FW
0xff974540,SetDefaultMovingFocusToDialog_FW
0xffac4874,SetDefaultRecParameter_FW
0xffac4aa4,SetDefectRecParameter_FW
0xffab5d04,SetDeltaCDSGain_FW
0xff81fbd8,SetEventFlag
0xffaafbd4,SetFactoryMode_FW
0xffab0b50,SetFastAdjTableWritingMode_FW
0xff870720,SetFileAttributes
0xff9739ac,SetFocusDirectionToDialogItem_FW
0xff973bb0,SetFocusItemToDialogItem_FW
0xffaac664,SetFocusLensBacklashSpeedToMax_FW
0xffaac36c,SetFocusLensCondition_FW
0xffaac354,SetFocusLensDefaultCondition_FW
0xffaac4f0,SetFocusLensMaxSpeedLimit_FW
0xffabaad4,SetFocusScanAutoStopProperty_FW
0xff974238,SetFocusScopeToDialog_FW
0xff812ed8,SetHClk18MHz_FW
0xff812eb0,SetHClk36MHz_FW
0xff812e6c,SetHClk72MHz_FW
0xffabd8ac,SetHour_FW
0xff815838,SetHPTimerAfterNow
0xff8158c4,SetHPTimerAfterTimeout
0xffabd664,SetImageMode_FW
0xffabd640,SetInputVoltage_FW
0xffa9eae4,SetIrisGainRegisterEvent_FW
0xffaa2d3c,SetIrisMoveToAutoDeltaEvent_FW
0xffaa2d2c,SetIrisMoveToNormalEvent_FW
0xff812dc4,SetLClk18MHz_FW
0xff812db4,SetLClk36MHz_FW
0xff812da4,SetLClk72MHz_FW
0xffab45c4,SetLineDefMarkThroughMode_FW
0xff9660f8,SetLogicalEventActive
0xff812f88,SetMClk18MHz_FW
0xff812f60,SetMClk36MHz_FW
0xff812f1c,SetMClk72MHz_FW
0xffaa41fc,SetMechaShutterDacSettingEvent_FW
0xffaa4210,SetMechaShutterWaitTimeSettingEvent_FW
0xffabd918,SetMinute_FW
0xffabd7d8,SetMonth_FW
0xffabb368,SetMultiWinPos_FW
0xffab0b4c,SetNormalAdjTableWritingMode_FW
0xffab5d9c,SetObClamp_FW
0xffab5d9c,SetObClampValue_FW
0xff97451c,SetOriginTypeToDialog_FW
0xff978504,SetPaletteToPhysicalScreen_FW
0xff96d9f0,SetParameterData
0xffa9d06c,SetPM3ByGpio_FW
0xff951608,SetPointStitchEVF_FW
0xff824438,SetPropertyCase
0xff974cac,SetPropertyToDialogItem_FW
0xff973724,SetPropertyToDialogItemWithID_FW
0xffab7858,SetReferenceWBGainForCalibration_FW
0xff822808,SetRestartTimeForCIPA_FW
0xff966160,SetScriptMode
0xff966160,SetScriptMode_FW
0xffabd988,SetSecond_FW
0xffab6104,SetShutterSpeed_FW
0xffab6090,SetShutterSpeedWithMecha_FW
0xff8caa4c,SetSmearOff_FW
0xff8caa38,SetSmearOn_FW
0xff81ff9c,SetSR
0xff8ca8ec,SetStartLineForNarrowDraft_FW
0xff97a794,SetSystemColorMode_FW
0xff814f3c,SetTimerAfter
0xff814fd8,SetTimerWhen
0xffab7888,SetToolCorrectCoefficient_FW
0xffa54788,SetUSBToDCPMode_FW
0xffa54774,SetUSBToPTPMode_FW
0xffabc340,SetVideoOutType_FW
0xffab7814,SetWBYlStandardWidth_FW
0xffab40c0,SetWhiteCoefficient_FW
0xffabd770,SetYear_FW
0xff9783c4,SetYUVPaletteIndex_FW
0xffa9cf74,SetZoomActuatorLimitAmpere_FW
0xffa9cf9c,SetZoomActuatorPwmDuty_FW
0xffa9cfb0,SetZoomActuatorPwmFixedTime_FW
0xffa9cf4c,SetZoomActuatorSpeedControlGain_FW
0xffa9cf24,SetZoomActuatorSpeedPPS_FW
0xffa98ac8,SetZoomLensNormalControlGain_FW
0xffa9a398,SetZoomLensResetControlGain_FW
0xff951724,ShootColor_FW
0xff99bf5c,ShootCon_GetStatus_FW
0xff9a0e9c,ShootCon_PrintMemoryDump_FW
0xff9a0e70,ShootCon_SetEventHook_FW
0xff9a0f28,ShootCon_ShowAllSemaphores_FW
0xff9a0354,ShootCon_ShowState_FW
0xff9518dc,ShootPicture_FW
0xff9519f4,ShootWhite_FW
0xffae62d0,ShowAllTaskInfo_FW
0xff967ef0,ShowAutoShutdownTime_FW
0xff82ade8,ShowBattCheckMode_FW
0xff82ae88,ShowBattChkAdj_FW
0xff818144,ShowCameraLog_FW
0xff8180a0,ShowCameraLogInfo_FW
0xffabba8c,ShowCurrentExp_FW
0xffab0678,ShowDefaultAdjTableVersion_FW
0xff95fe04,ShowErrorNumberList_FW
0xffa227e8,ShowLanguageNameList_FW
0xff96408c,ShowLogicalEventName_FW
0xffa8f6d8,ShowMechaMacro_FW
0xff826cd4,ShowPhySwStatus_FW
0xffabf6b4,ShowTransparentMemory_FW
0xffa2cffc,shutdownDirectPrintUI_FW
0xff978138,ShutdownGUISystem_FW
0xff950a30,ShutdownImageSystem_FW
0xff9a1da4,ShutdownMovieController_FW
0xffa1b9fc,ShutdownPlayAllMenu_FW
0xffa1337c,ShutdownPlayModeMenu_FW
0xffa13428,ShutdownPlayModeMenuWithoutPbRedraw_FW
0xffa1b984,ShutdownRecAllMenu_FW
0xffa1321c,ShutdownRecModeMenu_FW
0xff8af1e8,ShutterTool.GetCurExpTime_FW
0xff8af1c0,ShutterTool.GetCurTv_FW
0xff8af2bc,ShutterTool.GetLimOfExpTime_FW
0xff8af300,ShutterTool.GetLimOfExpTimeRegular_FW
0xff8af21c,ShutterTool.GetLimOfTv_FW
0xff8af36c,ShutterTool.GetLimOfTvForFix_FW
0xff8af390,ShutterTool.GetLimOfTvForFixWithAv_FW
0xff8af260,ShutterTool.GetLimOfTvRegular_FW
0xff8af164,ShutterTool.SetExpTime_FW
0xff8af0fc,ShutterTool.SetTv_FW
0xff8af344,ShutterTool.SetTvForFix_FW
0xffabc03c,SleepAE_FW
0xff821478,SleepTask
0xff821478,SleepTask_FW
0xffb004e8,sprintf_FW
0xffafbfe0,srand
0xff95eba4,SS_PrintState_FW
0xffb0163c,sscanf_FW
0xffab42f4,StartAEIntegralService_FW
0xff951954,StartBridgeEVF_FW
0xff951d3c,StartClockMode_FW
0xffa293b0,StartDirectTransferManager_FW
0xffa2c64c,StartDpConnect_FW
0xffa2e488,StartDpDpofMenu_FW
0xffa2f00c,StartDpDpofPrinting_FW
0xffa2faf4,StartDpDpofStopReconfirm_FW
0xffa32afc,StartDpMainMenu_FW
0xffa457b0,StartDpMovieMenu_FW
0xffa109c8,StartDpofPlayLoading_FW
0xffa33fb4,StartDpPrinting_FW
0xffa34c18,StartDpsDpofMenu_FW
0xffa47728,StartDpsIdPhotoMenu_FW
0xffa39880,StartDpsMainMenu_FW
0xffa3df40,StartDpsStop_FW
0xffa3eca0,StartDpStopReconfirm_FW
0xffa4059c,StartDpStyleMenu_FW
0xffa44034,StartDpTrimming_FW
0xffa2981c,StartDtConfirmMenu_FW
0xffa29e38,StartDtExecuteMenu_FW
0xffabc420,StartEVFDrive_FW
0xffaafce8,StartFactoryModeController_FW
0xff95111c,StartFewAF_FW
0xff95147c,StartFinder_FW
0xffa20dec,StartFirmInfoMenu_FW
0xffabb0a0,StartFocusScan_FW
0xffababd8,StartFocusScanWithAutoStop_FW
0xffabaafc,StartFocusScanWithAutoStopFix_FW
0xffabadac,StartFocusScanWithEnableToStop_FW
0xffabaf58,StartFocusScanWithRange_FW
0xff977ebc,StartGUISystem_FW
0xffae8d04,StartHB_FW
0xffab2b0c,StartLogOut_FW
0xff951184,StartMFAssist_FW
0xff9a1d14,StartMovieController_FW
0xffabb204,StartMultiWinFocusScan_FW
0xff951504,StartPCEVF_FW
0xffa13088,StartPlayModeMenu_FW
0xffa0cb88,StartPrintOrderMenu_FW
0xff951624,StartRealTimeHist_FW
0xffa1315c,StartRecModeMenu
0xffa1315c,StartRecModeMenu_FW
0xff951b24,StartRecreview_FW
0xffa0efa0,StartSlideShowMenu_FW
0xffac5554,StartSoundPlay_FW
0xffac528c,StartSoundRecord_FW
0xff95159c,StartStitchEVF_FW
0xffae8cec,StartSwitchCheck_FW
0xff9b36e4,StartSwitchViewFinder_FW
0xffa10d9c,StartTransferOrderMenu_FW
0xff951e70,StartupForTestRec_FW
0xff9508a4,StartupZoom_FW
0xff81a244,StartWDT_FW
0xffafec2c,stat
0xff8ca91c,StillOnMovieTest_FW
0xffab41fc,StopAEIntegralService_FW
0xff818424,StopCameraLog_FW
0xff951d44,StopClockMode_FW
0xff812d88,StopClockSaver_FW
0xff951978,StopContinuousShooting_FW
0xffa9d154,StopDCMotor_FW
0xff950dac,StopDigitalZoom_FW
0xffa2c904,StopDpConnect_FW
0xffa10b70,StopDpofPlayLoading_FW
0xffabc3d0,StopEVFDrive_FW
0xff9514cc,StopFinder_FW
0xff95113c,StopFocus_FW
0xffabada0,StopFocusScan_FW
0xffae8d10,StopHB_FW
0xff950ab8,StopLens_FW
0xffab2910,StopLogOut_FW
0xff951198,StopMFAssist_FW
0xff950c74,StopOpticalZoom_FW
0xff951538,StopPCEVF_FW
0xff951634,StopRealTimeHist_FW
0xff951bdc,StopRecordMovie_FW
0xff951b34,StopRecreview_FW
0xff9515f4,StopStitchEVF_FW
0xffae8cf8,StopSwitchCheck_FW
0xff9b3738,StopSwitchViewFinder_FW
0xffa29910,StoptDtConfirmMenu_FW
0xffa29f64,StoptDtExecuteMenu_FW
0xff81a2c0,StopWDT_FW
0xff9509c8,StoreLensForShutDown_FW
0xffafc80c,strcat
0xffafc838,strchr
0xffafc85c,strcmp
0xffafc85c,strcmp_FW
0xffafc9f0,strcpy
0xffafc9f0,strcpy_FW
0xffafe078,strftime
0xffafcb54,strlen
0xffafcb54,strlen_FW
0xffafcbb8,strncmp
0xffafcbfc,strncpy
0xffac277c,StrobeChargeCompForTestRec_FW
0xff951694,StrobeModeChanged_FW
0xffafcc44,strpbrk
0xffafcc80,strrchr
0xffafc3d4,strtol
0xffafc57c,strtoul
0xffae8dd0,SubCPUDebugMode_FW
0xffae8c48,SubCPUFirmUpgrade_FW
0xffae8d48,SubCPUMemoryDump_FW
0xffae8d1c,SubCPURomCheckSum_FW
0xffae8cb0,SubCPUVersion_FW
0xff95157c,SuspendPcEvf_FW
0xffabc2c4,SwitchOffDisplay_FW
0xffabc2f8,SwitchOnDisplay_FW
0xff9b3764,SwitchViewFinder_FW
0xffa10b98,SyncStopDpofPlayLoading_FW
0xff81a7e4,SystemEventDelete_FW
0xff81a828,SystemEventInit_FW
0xff820f74,TakeSemaphore
0xff820f74,TakeSemaphore_FW
0xff8d8110,task_AfIntSrvTask
0xff8d8d04,task_AFTask
0xff94eb14,task_AviEdit
0xff9464ec,task_AviRead
0xff94bfcc,task_AviWrite
0xff8ec850,task_BrtMsrTask
0xff822950,task_Bye
0xff954e2c,task_CaptSeq
0xff954e2c,task_CaptSeqTask
0xff812fcc,task_ClockSave
0xffa875fc,task_CnctEntiRcv
0xffa871f0,task_CnctEntiSnd
0xff904a78,task_CntFlashTask
0xff993744,task_CommonDrivers
0xff8619dc,task_ConfirmPlayOrder
0xff8619dc,task_ConfirmPrintOrder
0xff8619dc,task_ConfirmTransferOrder
0xff81ba54,task_ConsoleSvr
0xff9596f0,task_CreateHeaderTask
0xff83c4f8,task_CTG
0xff840e60,task_CtgTotalTask
0xff96079c,task_CtrlSrv
0xffa8e290,task_DcpTrnCtrl
0xffa8e134,task_DcpTrnTrns
0xff93da28,task_DecJpgRd
0xff82e588,task_DMAADC
0xff82eb84,task_DMADAC
0xff9b1174,task_DSITask
0xff959548,task_DvlpSeqTask
0xff903e9c,task_EFChargeT
0xff936d5c,task_EfDrvTsk
0xff85cd28,task_EnterDPOFAllOrdersTask
0xffa87f74,task_EntiCtrl
0xffa8a5f8,task_EvntExec
0xff8fb1f4,task_ExpDrv
0xff8fb1f4,task_ExpDrvTask
0xff841d08,task_FileManEraseAllTask
0xff866234,task_FileScheduleTask
0xff867c04,task_FileWrite
0xff867c04,task_FileWriteTask
0xff939b38,task_FilYuvMaker
0xff95a074,task_FlushWriteCacheTask
0xffaa5d64,task_FocusEvent
0xff8392d4,task_FolderCreateCheckTask
0xff831890,task_FORMAT_TASK_NAME
0xff831814,task_FORMAT_TASK_PROGRESS
0xff870b5c,task_FsIoNotifyTask
0xff8cc210,task_ImageSensorTask
0xff931d60,task_ImgPlayDrv
0xff993704,task_InitFileModules
0xffa9e810,task_IrisEvent
0xff8287a8,task_JogDial
0xff82d440,task_LEDCon
0xffa940cc,task_LensController
0xff81bbf0,task_LowConsole
0xffaa3ae8,task_MechaShutter
0xff947ebc,task_MoviePlay
0xff949724,task_MovieRecord
0xffa7c114,task_NotifyBarrier
0xff91af08,task_OBCtrlTask
0xff82de98,task_OutportBeep_AccessTask
0xff94f068,task_PcEvf
0xff826510,task_PhySw
0xffa707b4,task_PreLoadTask
0xff95f8a0,task_PT_BatTestTask
0xffa6405c,task_PTPSessionTASK
0xffa85000,task_RAPI_Task
0xffa807ec,task_RapiRevr
0xffa7a1b4,task_RCTaskResume
0xff869f3c,task_ReadAsyncTask
0xff9a6da4,task_RealTimeHist
0xffae880c,task_RemoteCPUTask
0xffa8ac64,task_ReqRecev
0xff8287a8,task_RotaryEncoder
0xff8808c4,task_SD1stInit
0xffa888b4,task_SesnDaem
0xffa89770,task_SesnMngr
0xff954068,task_ShootSeqTask
0xff822878,task_ShutdownTask
0xffadd3a4,task_SoundPlay
0xffadc1f8,task_SoundRecord
0xffa5bd10,task_SRM
0xff8ce6dc,task_SsgMainTask
0xff8cea54,task_SsgPeriodTask
0xff9545c8,task_SsStartupTask
0xffadfaa4,task_Startup
0xff98efbc,task_StartupImage
0xff8aced4,task_SynchTask
0xff8ace14,task_SyncPeriod
0xff82bd00,task_TempCheck
0xff8d4a68,task_TgTask
0xff8d7298,task_TgToolTask
0xffa551c0,task_TimerUtility
0xffa69920,task_TrnsCtrlTask
0xff81f240,task_UartSio
0xff95ae08,task_WaitMovieRecordTask
0xffadaa4c,task_WavRead
0xffadb63c,task_WavWrite
0xff90946c,task_WBCtrl
0xff8b308c,task_WBIntegTask
0xffa9bfec,task_ZoomEvent
0xffb09284,taskCreateHookAdd
0xffb091c0,taskDeleteHookAdd
0xffb13f04,taskLock
0xffb13740,taskName
0xffb13b24,taskResume
0xffb13950,taskSuspend
0xffb13fac,taskUnlock
0xffab2c6c,TerminateAdjustmentSystem_FW
0xffa8d384,TerminateDCPClassFunctions_FW
0xffa0c190,TerminateDpofUI_FW
0xffac55bc,TerminateSoundRec_FW
0xffac28f4,TerminateTestRec_FW
0xff8d701c,TgTool.ChangeDutyHi_FW
0xff8d7038,TgTool.ChangeDutyLo_FW
0xff8d6f58,TgTool.ChangePhaseHi_FW
0xff8d6f74,TgTool.ChangePhaseLo_FW
0xff8d7474,TgTool.Create_FW
0xff8d76ac,TgTool.Delete_FW
0xff8d7134,TgTool.GetDriveAbility_FW
0xff8d7054,TgTool.GetDuty_FW
0xff8d6fa8,TgTool.GetPhaseFall_FW
0xff8d70c0,TgTool.GetPhaseLogical_FW
0xff8d6f90,TgTool.GetPhaseRise_FW
0xff8d720c,TgTool.GetRegisterImage_FW
0xff8d71a8,TgTool.GetStbMode_FW
0xff8d6e08,TgTool.GetSubNumber_FW
0xff8d6e84,TgTool.GetTgCurrentSubPosition_FW
0xff8d70d0,TgTool.SetDriveAbility_FW
0xff8d6fc0,TgTool.SetDuty_FW
0xff8d6ef4,TgTool.SetPhaseFall_FW
0xff8d7064,TgTool.SetPhaseLogical_FW
0xff8d6e90,TgTool.SetPhaseRise_FW
0xff8d71b4,TgTool.SetRegisterImage_FW
0xff8d714c,TgTool.SetStbMode_FW
0xff8d6dac,TgTool.SetSubNumber_FW
0xff8d6e2c,TgTool.SetTgSubPosition_FW
0xff8d73a4,TgTool.StartSmoothSubNumber_FW
0xff8d7430,TgTool.StopSmoothSubNumber_FW
0xffafe0a4,time
0xffaf8bc8,tolower
0xffaf8bd8,toupper
0xff974130,TransferBitmapToDialog_FW
0xff9740c0,TransferRectangleToDialog_FW
0xff8209c8,TryPostMessageQueue
0xff8205fc,TryReceiveMessageQueue
0xff8210f8,TryTakeSemaphore
0xff82c928,TurnOff_LoadTest_DebugMode_FW
0xffaaf774,TurnOffAFLampEvent_FW
0xff9b93a8,TurnOffBackLight
0xff9289d0,TurnOffDisplay
0xffaa44e0,TurnOffNdFilterEvent_FW
0xff82fa64,TurnOffVideoOutMode_FW
0xff82c914,TurnOn_LoadTest_DebugMode_FW
0xffaaf75c,TurnOnAFLampEvent_FW
0xff9b937c,TurnOnBackLight
0xff9289c0,TurnOnDisplay
0xffaa44b0,TurnOnNdFilterEvent_FW
0xff82f9c8,TurnOnVideoOutMode_FW
0xff98e238,UI_RegistDebugEventProc_FW
0xff98db10,UI_ShowStateOfRecMode_FW
0xff9b9b3c,UiComIF_SendEventToUI_FW
0xff966170,UiEvnt_ShowBitMaps_FW
0xff9661d0,UiEvnt_StartDisguiseCradleStatus_FW
0xff9661e4,UiEvnt_StopDisguiseCradleStatus_FW
0xff98deb0,UIFS_Capture_FW
0xff98def8,UIFS_PCaseToPTMID_FW
0xff98de54,UIFS_RestartPostingUIEvent_FW
0xff98de70,UIFS_SetCaptureModeToM_FW
0xff98de8c,UIFS_SetCaptureModeToMacro_FW
0xff98de60,UIFS_SetCaptureModeToP_FW
0xff98df54,UIFS_SetCradleSetting_FW
0xff98dc2c,UIFS_SetDialMovieRec_FW
0xff98dd30,UIFS_SetDialPlay_FW
0xff98db28,UIFS_SetDialStillRec_FW
0xff98dec0,UIFS_StartMovieRecord_FW
0xff98decc,UIFS_StopMovieRecord_FW
0xff98de48,UIFS_StopPostingUIEvent_FW
0xff95fb00,UiMemory_Show_FW
0xff973dc4,UndisplayDialogBox_FW
0xff95181c,UndisplayEVF_FW
0xffaaf85c,UndisplayFactoryMode_FW
0xffadfe4c,UnLoadScript_FW
0xff9513e4,UnlockAE
0xff9513e4,UnlockAE_FW
0xff9512b4,UnlockAF
0xff9512b4,UnlockAF_FW
0xff968354,UnlockMainPower
0xff968354,UnlockMainPower_FW
0xff9745a8,UnlockRefreshDialog_FW
0xff86f3d4,Unmount_FileSystem
0xffabb8c0,UnregistColorMatrix_FW
0xff974410,UnregisterChangeLanguageToDialog_FW
0xff81ff78,UnregisterInterruptHandler
0xff9513b4,UpdateEVF_FW
0xff86f580,UpdateMBROnFlash
0xffafecc0,utime
0xff82c2b4,VbattGet
0xff82c2b4,VbattGet_FW
0xffae8208,VerifyByte_FW
0xff8cd308,VirtualHeadError_FW
0xff8d7998,VirtualImageTimeOut_FW
0xffb00484,vsprintf
0xff81aa3c,Wait_FW
0xff81fbc8,WaitForAllEventFlag
0xff81fbb8,WaitForAnyEventFlag
0xff81fa14,WaitForEventFlag
0xff8b82dc,WBInteg.DisableUsageCheck_FW
0xff8b82fc,WBInteg.DisableUsageCheckSS_FW
0xff8b82cc,WBInteg.EnableUsageCheck_FW
0xff8b82ec,WBInteg.EnableUsageCheckSS_FW
0xff9516a4,WBModeChanged_FW
0xff8ca900,WithdrawalImagerForEmergency_FW
0xff811acc,wrapped_malloc
0xff870608,Write
0xff870608,write
0xff870608,Write_FW
0xffab0e00,WRITEADJTABLETOFROM_FW
0xff87ee40,WriteSDCard
0xffab0e3c,WRITESHADINGDATATOFROM_FW
0xff822cac,WriteToRom_FW
0xff9a5b94,ZoomCon_ShowState_FW
